{
  "storage_version": 1,
  "name": "gatekeeper",
  "friendly_name": null,
  "comment": null,
  "esphome_version": "2023.2.1",
  "src_version": 1,
  "address": "gatekeeper.local",
  "web_port": 80,
  "esp_platform": "ESP32",
  "build_path": ".esphome/build/gatekeeper",
  "firmware_bin_path": ".esphome/build/gatekeeper\\.pioenvs\\gatekeeper\\firmware.bin",
  "loaded_integrations": [
    "async_tcp",
    "esp32",
    "esphome",
    "gpio",
    "json",
    "ledc",
    "logger",
    "md5",
    "mdns",
    "network",
    "ota",
    "output",
    "preferences",
    "restart",
    "sensor",
    "servo",
    "socket",
    "switch",
    "uptime",
    "web_server",
    "web_server_base",
    "wifi"
  ]
}
